Name,Favourite Food, Favourite Movie,Credit Card Num,City
Humberto Larrañaga,Hamburger,The Lord of the Rings: The Fellowship of the Ring,4301008733741,Nagoya
Sarah Williams,Chicken Adobo,Pulp Fiction,576537552001,Hyderabad
Amélie Reynaud,Katsudon,The Lion King,2578685269492308,Ahmedabad
Alonso Casal,Fish and Chips,The Shawshank Redemption,349559053672106,Rio de Janeiro
王秀云,Gyros,Forrest Gump,340790997155762,Chennai
谢红霞,Samosa,Pulp Fiction,3550344146240809,Chongqing
王颖,Hamburger,The Dark Knight,4655798728849687,New York City
Jon Mack,Pad Thai,Seven Samurai,30150289270297,Hyderabad
Pietro Martin,Fish Tacos,Pulp Fiction,3542581396374108,Istanbul
Pierre Leroux,Samosa,The Lord of the Rings: The Two Towers,5274489346248910,Baghdad
Juliana Kroker MBA.,Cobb Salad,The Godfather,5478072789040533,Shanghai
François Ramos,Fish and Chips,The Lord of the Rings: The Return of the King,30184305209757,Istanbul
黄淑珍,Kimchi,The Dark Knight,4901207534225840366,Tianjin
Ciríaco Arturo Macias Gisbert,Churros,The Silence of the Lambs,6521260227118228,Karachi
Sofie Berger B.Eng.,Pasta Carbonara,The Dark Knight,4873222349338513,Jakarta
Denis Lorch,Kimchi,The Shawshank Redemption,36415874062613,Johannesburg
王兵,Ramen,The Lord of the Rings: The Two Towers,4561006736774787,Cairo
Simone Paris,Falafel,The Dark Knight,4645434405674,Chengdu
Caroline Vidal-Cohen,Croissant,Forrest Gump,4870406344428204,Mexico City
Ulf Aumann,Goulash,The Lion King,502056007524,Tokyo
William Garcia,Ramen,The Pianist,3555563771361169,Los Angeles
Teresa Morris,Ramen,The Shining,4975214486138304870,Kolkata
Andrew Moses,Croissant,The Lord of the Rings: The Two Towers,4905812914975006186,Lahore
Robert Vasquez MD,Chicken Adobo,Inception,180088714933675,New York City
Paolo Römer,Mole Poblano,The Usual Suspects,676118082780,Osaka
胡宁,Peking Duck,The Departed,30319633089584,Hyderabad
Detlef Pölitz,Sauerbraten,The Godfather,4890724496419,Alexandria
Christopher Martinez,Rendang,Star Wars: Episode V - The Empire Strikes Back,4098926647747147,Johannesburg
赵秀梅,Poutine,The Dark Knight Rises,2237138786912948,Alexandria
Herr Pero Gotthard,Pav Bhaji,City of God,3551306314990787,London
Auguste Hervé,Tikka Masala,Seven Samurai,6560720546279086,Beijing
Odette-Céline Collin,Pizza,The Departed,3500727938245088,Istanbul
Apolinar Isaías Nadal López,Butter Chicken,The Empire Strikes Back,3522663793921584,Tokyo
Joann Smith,Rendang,The Godfather: Part II,4590644852139023115,Tokyo
Graciela Barón Huertas,Tandoori Chicken,The Dark Knight,3564136495582763,Bangalore
Lupita Perales Tormo,Tiramisu,Pulp Fiction,4326027782072948,Johannesburg
Joshua Russell,Tiramisu,Goodfellas,676178193196,Toronto
Richard Perrot,Butter Chicken,Fight Club,376297765438484,Dhaka
Teófilo del Redondo,Jollof Rice,The Usual Suspects,676282481628,Shenzhen
陈林,Gyros,The Godfather: Part II,213193300602048,São Paulo
Prof. Milos Zirme,Rendang,The Godfather: Part II,502045496317,Lahore
Julieta Álamo Ortiz,Ramen,The Matrix,4639805213593307,Tokyo
Kurt Jones,Churros,The Shawshank Redemption,4544764538153822,Cairo
周秀兰,Sauerbraten,Schindler's List,213186584883102,Kinshasa
费帆,Chicken Adobo,The Matrix,4585598230363036,Wuhan
Diana Johnson,Couscous,The Silence of the Lambs,4416492403696796023,Istanbul
Dorothy Romero,Tikka Masala,The Shawshank Redemption,4093190193810685,Ahmedabad
Patricia Moon,Hamburger,The Silence of the Lambs,3507365445403867,Hyderabad
Gregory Lewis,Pho,Star Wars: Episode IV - A New Hope,30456835718741,Toronto
Adélaïde Navarro,Dim Sum,The Godfather: Part II,6011631650320589,Osaka
Sibylle Höfig-Jähn,Chicken Adobo,The Empire Strikes Back,4582330535915648,Los Angeles
Charlotte Mathieu,Dim Sum,The Shawshank Redemption,3504562990827853,Shanghai
Lucy Vallet,Dim Sum,The Shawshank Redemption,4304299412244199,Dhaka
Joséphine Petitjean,Moussaka,The Empire Strikes Back,6011381352178980,Karachi
王金凤,Lasagna,The Departed,375861340529108,Toronto
宁凤英,Ceviche,12 Angry Men,30241616888933,Kolkata
Kevin Miller,Croque Monsieur,The Godfather: Part II,675932111635,São Paulo
Pablo Jorge Borrego Higueras,Goulash,The Lord of the Rings: The Fellowship of the Ring,4917312456623209,Nagoya
Nélida de España,Samosa,The Lord of the Rings: The Fellowship of the Ring,4639662582880258493,São Paulo
贺娜,Pho,Forrest Gump,213136790050608,Chengdu
Ernst-August Löchel B.Eng.,Couscous,Inception,4930946198383,Toronto
周帅,Poutine,The Dark Knight Rises,347976555103699,Dhaka
Kimberly Smith,Mole Poblano,The Shining,213155886832547,Shijiazhuang
厉丽,Croque Monsieur,Star Wars: Episode IV - A New Hope,4961980236321495,Bangkok
Clémence-Odette Evrard,Poutine,The Intouchables,3525812857634404,Shijiazhuang
Ingeburg Wiek-Jockel,Poutine,One Flew Over the Cuckoo's Nest,30450402178694,Mexico City
Margaud de Le Gall,Croissant,The Godfather: Part II,4132043184473596,Kinshasa
David de Flores,Croissant,The Godfather: Part II,4325303796032199,Cairo
Leonie Textor,Couscous,The Dark Knight,213175333216409,Alexandria
Édith Munoz,Butter Chicken,Fight Club,3560102157692682,Hyderabad
María Dolores Chaparro Paz,Peking Duck,The Silence of the Lambs,4746790031151,Kinshasa
Ing. Andree Flantz MBA.,Croissant,Gladiator,379329316502810,Beijing
董琴,Tikka Masala,Casablanca,4905126062485207,Shenzhen
Michael Aguilar,Falafel,The Usual Suspects,213190451266466,Mexico City
张成,Jollof Rice,The Departed,4262132178119504196,Chennai
Leyre Máxima Cortina Palomar,Pizza,The Intouchables,3572676998589310,Nagoya
Dipl.-Ing. Wieslaw Schinke B.A.,Pozole,Saving Private Ryan,180021195861941,São Paulo
Samuel Adams,Tiramisu,The Matrix,4492445587757315,Ho Chi Minh City
Adèle Peron,Sushi,The Godfather,213175251920586,Tianjin
Horacio Morata Piña,Butter Chicken,The Lord of the Rings: The Two Towers,30263294381080,Riyadh
Celestino de Colom,Dim Sum,The Godfather,6553737030236918,Shanghai
Ronald Patberg,Fish Tacos,Pulp Fiction,3553432905945895,Nagoya
Melissa Collins,Poutine,The Matrix,4752143887331,Bangkok
王玉兰,Chicken Satay,The Dark Knight,3515357212500207,Chengdu
闵兵,Biryani,Fight Club,502029793390,Shijiazhuang
Bienvenida Susanita Diego Alemán,Pierogi,The Godfather,4644188364385,Hyderabad
赵伟,Falafel,Spirited Away,3534237758559493,Ahmedabad
Stephanie Morris,Lasagna,Schindler's List,36148180920105,Mexico City
蔡玉珍,Ceviche,The Dark Knight Rises,4625683808644490955,Bangalore
Fanny Caballero Rosado,Gyros,Inception,30509369219153,Cairo
陈辉,Pho,Spirited Away,3575938651764185,Chongqing
Gerónimo Roldán Cuadrado,Fish Tacos,Pulp Fiction,4212526203119,Jakarta
陈婷,Pho,Spirited Away,4619951005408347046,Shanghai
Victorino Romeu-Díaz,Feijoada,Schindler's List,30113544338549,Alexandria
Enno Mohaupt-Gieß,Biryani,The Silence of the Lambs,347580403174868,Tokyo
路颖,Pad Thai,The Shawshank Redemption,4041827110667150,Shijiazhuang
Mrs. Ashley Greer,Kebab,The Usual Suspects,4117744626717677,Ahmedabad
Emelina Maribel Núñez Quintana,Tiramisu,The Empire Strikes Back,344703834254462,New York City
Krystal Williams,Pad Thai,The Empire Strikes Back,6011821949700747,Delhi
Cathrin Müller-Kruschwitz,Pad Thai,Star Wars: Episode IV - A New Hope,6510108027844084,Lahore
Yéssica Machado Andrés,Sushi,Star Wars: Episode IV - A New Hope,180012885767324,Osaka
Hajo Hübel B.Sc.,Gyros,Star Wars: Episode V - The Empire Strikes Back,2310803104279276,Shenzhen
Hilda Zahn,Tacos,The Dark Knight,346736629631542,Tokyo
Almudena Cantón Rozas,Paella,The Dark Knight,2295026678695888,Tokyo
Kevin Harris,Sauerbraten,The Lord of the Rings: The Two Towers,180075669836540,Bangalore
Augustin Bailly,Churros,One Flew Over the Cuckoo's Nest,30286785784900,Bangalore
杨凤兰,Sauerbraten,The Lord of the Rings: The Fellowship of the Ring,180037960911679,Baghdad
Micheal Terrell,Pasta Carbonara,The Shining,374436616910463,Lima
Kimberly Neal,Pierogi,The Matrix,3512557016690855,Bangalore
Théodore Pinto,Hamburger,The Lord of the Rings: The Two Towers,347603173894273,Kolkata
秦秀珍,Katsudon,The Pianist,180092554457001,Toronto
Maria Adams,Tikka Masala,The Usual Suspects,567302125891,Delhi
马佳,Pierogi,Goodfellas,180039685812620,Bangalore
Alexandria Guillon,Jollof Rice,The Shawshank Redemption,4765408049780218,Cairo
Emmanuel Huet,Gyros,Casablanca,4260403230124040819,Bangkok
Agnès Blot,Rendang,The Godfather,30276485035059,Bangkok
Hans-Karl Jäkel,Sushi,The Lord of the Rings: The Fellowship of the Ring,3513191662569384,Mexico City
张娟,Tandoori Chicken,Inception,4710578168316147,Riyadh
秦红,Pizza,Inception,3536974443948016,New York City
车霞,Chicken Satay,The Godfather: Part II,4184595684857898,Hangzhou
Wigbert Naser,Fish Tacos,The Godfather,4747116560142717,Osaka
Abbas Rogge,Jollof Rice,Forrest Gump,6578183401610434,Kinshasa
Ing. Christiana Rogge MBA.,Pozole,The Intouchables,3575398356030400,Ho Chi Minh City
Alfonso Naranjo Roldán,Gyros,The Godfather,2294824920259771,Johannesburg
Vlado Bruder,Fish Tacos,The Matrix,2262650933720147,Nagoya
Sarah Jones,Fish and Chips,Goodfellas,30585825751815,Shenzhen
Marc Jean-Le Goff,Sashimi,Saving Private Ryan,4971200680572289,Bogotá
Jaime James,Hamburger,The Lion King,502060268633,Tokyo
Eligia Villegas Torrent,Ramen,The Usual Suspects,36817259520638,Tokyo
Anton Renner MBA.,Peking Duck,The Empire Strikes Back,6511211860019365,Shanghai
Semra Juncken,Goulash,One Flew Over the Cuckoo's Nest,30473729198799,Chengdu
Frau Wally Ebert B.Sc.,Feijoada,The Usual Suspects,3515841430706076,Hyderabad
Kristen Lee,Moussaka,The Lord of the Rings: The Return of the King,213132357071947,Bangalore
田强,Pizza,The Godfather: Part II,38737379620548,Toronto
Kayla King,Couscous,Saving Private Ryan,6567032642953132,Karachi
Célina Gauthier,Katsudon,The Dark Knight,4798640132960,Chongqing
Univ.Prof. Juergen Textor,Pav Bhaji,The Godfather: Part II,213145340059522,Riyadh
Lara Ibarra Cerro,Pho,Spirited Away,3508731632656402,Ho Chi Minh City
Anna-Maria Mielcarek-Trub,Couscous,The Silence of the Lambs,5394232147319356,Chennai
Mr. Eric Stanley,Burger and Fries,The Lion King,4965802917183752,Lahore
James Mcpherson,Pizza,Inception,3565177478266635,Shanghai
Julie Carlier,Goulash,One Flew Over the Cuckoo's Nest,4160061493613,Tokyo
Rufina Haro Palomares,Pho,The Dark Knight Rises,4502794235458,São Paulo
Bianca Rivas,Fish Tacos,Pulp Fiction,30386754463211,Nagoya
Trinidad Zamorano Pellicer,Pozole,12 Angry Men,2557561486020484,Los Angeles
李亮,Hamburger,The Lord of the Rings: The Fellowship of the Ring,3500646135250776,Hangzhou
Stephanie Cunningham,Peking Duck,Forrest Gump,30502412813817,Kinshasa
Dr. Paul Stroh,Kebab,The Dark Knight Rises,4744494207667237,Karachi
Prof. Helmar Wagner,Tikka Masala,The Usual Suspects,4686910642494356363,Shenzhen
Meike Beyer,Kebab,The Dark Knight Rises,378977776067855,Lahore
Alan Patterson,Pierogi,Pulp Fiction,4739291990710,Delhi
Leandra Tecla Crespo Aragón,Pizza,Star Wars: Episode V - The Empire Strikes Back,5354804717952291,Beijing
Fanny Mariscal-Montserrat,Jollof Rice,The Shawshank Redemption,4049806393140905520,Shenzhen
David Wells,Tacos,The Empire Strikes Back,4378672059157,Rio de Janeiro
胡艳,Couscous,Schindler's List,4280295315769876202,Alexandria
Emma Manuel Oliver,Kimchi,The Pianist,4273586745316651299,Mumbai
刘佳,Croque Monsieur,The Silence of the Lambs,2271544166825799,Los Angeles
Nazario de Iborra,Sushi,The Lord of the Rings: The Two Towers,4797844794966374,Tokyo
Frau Hiltrud Faust B.A.,Pierogi,Casablanca,060449923543,Bogotá
Nacio Casares Hoyos,Cobb Salad,The Lion King,30487668635306,Cairo
孙伟,Fish and Chips,The Usual Suspects,4699940582736034,London
Roger Lévy-Nguyen,Kebab,The Dark Knight Rises,4243238106647,New York City
April Thompson,Tacos,The Godfather: Part II,6011404862491162,Mumbai
Hans-Dietrich Bachmann-Sauer,Paella,The Intouchables,180014723193879,London
Rebecca Taylor,Ramen,Fight Club,180009459526268,Bogotá
Esteban Baltasar Llopis Beltrán,Churros,The Departed,3541282348276415,Chongqing
Berthold Jessel,Biryani,The Shawshank Redemption,180074528550079,Riyadh
艾雪梅,Pad Thai,Inception,4359185752642046105,Tokyo
Janna Schäfer,Pozole,The Shining,213171498387523,Shijiazhuang
Christophe Le Gall du Vallet,Gyros,Star Wars: Episode IV - A New Hope,502006175363,Kolkata
Denis Weiss,Lasagna,Goodfellas,4225753012763,Ahmedabad
Gusti Kobelt B.A.,Paella,Spirited Away,3574557924532061,Shenzhen
刘坤,Sauerbraten,The Empire Strikes Back,213157198452337,Hyderabad
都晨,Rendang,Fight Club,30258503614057,New York City
Dipl.-Ing. Josefa Reichmann,Cobb Salad,The Godfather,4123805014088930,London
Mrs. Debra Palmer,Hamburger,Forrest Gump,4896953002315,Beijing
张晶,Kebab,City of God,4851551534470049480,Wuhan
Adelgunde Ehlert MBA.,Tiramisu,Schindler's List,180036891878122,Dhaka
Taylor Peterson,Tikka Masala,Goodfellas,30069615402566,Chongqing
Luc Deschamps,Pasta Carbonara,The Usual Suspects,348071659548103,Baghdad
Carla Bernat Casas,Peking Duck,The Usual Suspects,564436952423,Guangzhou
Mahmoud Dietz-Drubin,Sushi,The Usual Suspects,4384475525540680,Bangkok
宁静,Pav Bhaji,The Empire Strikes Back,4533459517449514,Tokyo
Wibke Gude,Pad Thai,Seven Samurai,38427193135259,New York City
Pamela Madden,Baklava,The Silence of the Lambs,639008300860,Los Angeles
吕欢,Hamburger,The Lion King,2718769216405141,Bangalore
Franck Dupré,Paella,The Silence of the Lambs,4180178701500,Lahore
胡静,Pasta Carbonara,The Intouchables,676262248104,Los Angeles
何桂荣,Paella,The Matrix,3519288261614928,Tokyo
Eric Johnson,Lasagna,The Dark Knight Rises,370720299969159,Bangalore
蒋飞,Croissant,The Shawshank Redemption,4143818093414685918,Osaka
Marisa Bueno,Ceviche,The Godfather,4439020488210380084,Riyadh
Mónica del Álvaro,Sauerbraten,Pulp Fiction,3547409202093453,Cairo
Alexander Scott,Poutine,The Godfather: Part II,4619819537138,Tokyo
Tammy Fernandez,Kebab,Schindler's List,4423321250775252,Mumbai
Belinda Langern B.Sc.,Sauerbraten,Pulp Fiction,180026724359465,Tokyo
Mary Ballard,Pierogi,The Shining,6011639808144363,New York City
Francisca Canals Leon,Gyros,Goodfellas,346933375553950,Mumbai
Thomas-Olivier Vallée,Kebab,Star Wars: Episode V - The Empire Strikes Back,4260188215602228,Istanbul
Nicanor Estevez Acero,Croissant,12 Angry Men,3563735429124252,Los Angeles
